lat,lon,elev_m
-54.0,-72.0,0.0
-54.0,-69.0,0.0
-51.0,-75.0,300.0
-51.0,-72.0,173.0
-48.0,-75.0,427.0
-48.0,-72.0,1115.0
-48.0,-69.0,248.0
-48.0,-66.0,0.0
-45.0,-72.0,860.0
-45.0,-69.0,383.0
-45.0,-66.0,0.0
-45.0,168.0,163.0
-45.0,171.0,0.0
-42.0,-72.0,797.0
-42.0,-69.0,881.0
-42.0,-66.0,163.0
-42.0,147.0,141.0
-42.0,174.0,0.0
-39.0,-72.0,1279.0
-39.0,-69.0,840.0
-39.0,-66.0,197.0
-39.0,-63.0,33.0
-39.0,177.0,0.0
-36.0,-72.0,300.0
-36.0,-69.0,1349.0
-36.0,-66.0,275.0
-36.0,-63.0,133.0
-36.0,-60.0,171.0
-36.0,141.0,99.0
-36.0,144.0,218.0
-36.0,147.0,794.0
-36.0,150.0,0.0
-36.0,174.0,0.0
-33.0,-69.0,1169.0
-33.0,-66.0,594.0
-33.0,-63.0,129.0
3.0,-57.0,219.0
3.0,-54.0,191.0
3.0,-51.0,15.0
3.0,12.0,683.0
3.0,15.0,541.0
3.0,18.0,355.0
3.0,21.0,455.0
3.0,24.0,442.0
3.0,27.0,707.0
3.0,30.0,1473.0
3.0,33.0,1050.0
3.0,36.0,410.0
3.0,39.0,555.0
3.0,42.0,414.0
3.0,45.0,111.0
3.0,99.0,445.0
3.0,102.0,567.0
3.0,114.0,266.0
3.0,117.0,359.0
6.0,-75.0,1156.0
6.0,-72.0,833.0
6.0,-69.0,83.0
6.0,-66.0,360.0
6.0,-63.0,424.0
6.0,-60.0,119.0
6.0,-9.0,162.0
6.0,-6.0,200.0
6.0,-3.0,146.0
6.0,0.0,78.0
6.0,6.0,79.0
6.0,9.0,102.0
6.0,12.0,917.0
6.0,15.0,891.0
6.0,18.0,640.0
6.0,21.0,485.0
6.0,24.0,644.0
6.0,27.0,611.0
6.0,30.0,513.0
6.0,33.0,430.0
6.0,36.0,447.0
6.0,39.0,1413.0
6.0,42.0,1299.0
6.0,45.0,542.0
6.0,48.0,121.0
6.0,102.0,14.0
6.0,117.0,803.0
9.0,-78.0,330.0
9.0,-75.0,32.0
9.0,-72.0,3.0
9.0,-69.0,86.0
9.0,-66.0,164.0
9.0,-63.0,74.0
9.0,-12.0,111.0
9.0,-9.0,572.0
9.0,-6.0,330.0
9.0,-3.0,274.0
9.0,0.0,204.0
9.0,3.0,340.0
9.0,6.0,132.0
9.0,9.0,628.0
9.0,12.0,303.0
9.0,15.0,372.0
9.0,18.0,368.0
9.0,21.0,433.0
9.0,24.0,638.0
9.0,27.0,449.0
9.0,30.0,394.0
9.0,33.0,398.0
9.0,36.0,1717.0
9.0,39.0,2437.0
9.0,42.0,1412.0
9.0,45.0,960.0
9.0,48.0,654.0
9.0,78.0,54.0
9.0,81.0,0.0
9.0,99.0,44.0
9.0,105.0,1.0
9.0,126.0,156.0
12.0,-84.0,17.0
12.0,-72.0,44.0
12.0,-15.0,30.0
12.0,-12.0,263.0
12.0,-9.0,337.0
12.0,-6.0,451.0
12.0,-3.0,281.0
12.0,0.0,306.0
12.0,3.0,195.0
12.0,6.0,385.0
12.0,9.0,404.0
12.0,12.0,369.0
12.0,15.0,294.0
12.0,18.0,379.0
12.0,21.0,515.0
12.0,24.0,755.0
12.0,27.0,479.0
12.0,30.0,646.0
12.0,33.0,397.0
12.0,36.0,695.0
12.0,39.0,2130.0
12.0,42.0,558.0
12.0,51.0,0.0
12.0,78.0,458.0
12.0,99.0,181.0
12.0,105.0,9.0
12.0,108.0,674.0
15.0,-90.0,1248.0
15.0,-87.0,1569.0
15.0,-84.0,74.0
15.0,-15.0,49.0
15.0,-12.0,129.0
15.0,-9.0,297.0
15.0,-6.0,323.0
15.0,-3.0,348.0
15.0,0.0,297.0
15.0,3.0,282.0
15.0,6.0,505.0
15.0,9.0,546.0
15.0,12.0,354.0
15.0,15.0,351.0
15.0,18.0,286.0
15.0,21.0,487.0
15.0,24.0,971.0
15.0,27.0,689.0
15.0,30.0,502.0
15.0,33.0,396.0
15.0,36.0,438.0
15.0,39.0,1862.0
15.0,45.0,1435.0
15.0,48.0,1418.0
15.0,75.0,530.0
15.0,78.0,252.0
15.0,99.0,813.0
15.0,102.0,186.0
15.0,105.0,137.0
15.0,108.0,2075.0
18.0,-102.0,31.0
18.0,-99.0,836.0
18.0,-96.0,28.0
18.0,-93.0,6.0
18.0,-90.0,213.0
18.0,-66.0,35.0
18.0,-15.0,31.0
18.0,-12.0,314.0
18.0,-9.0,262.0
18.0,-6.0,306.0
18.0,-3.0,270.0
18.0,0.0,370.0
18.0,3.0,394.0
18.0,6.0,344.0
18.0,9.0,1031.0
18.0,12.0,445.0
18.0,15.0,448.0
18.0,18.0,371.0
18.0,21.0,480.0
18.0,24.0,804.0
18.0,27.0,593.0
18.0,30.0,323.0
18.0,33.0,528.0
18.0,36.0,536.0
18.0,42.0,138.0
18.0,45.0,999.0
18.0,48.0,623.0
18.0,51.0,481.0
18.0,54.0,340.0
18.0,75.0,478.0
18.0,78.0,515.0
18.0,81.0,136.0
18.0,96.0,184.0
18.0,99.0,589.0
18.0,102.0,365.0
18.0,105.0,683.0
21.0,-105.0,581.0
21.0,-102.0,1968.0
21.0,-99.0,826.0
21.0,-90.0,8.0
21.0,-87.0,12.0
21.0,-78.0,64.0
21.0,-15.0,141.0
21.0,-12.0,562.0
21.0,-9.0,374.0
21.0,-6.0,282.0
21.0,-3.0,309.0
21.0,0.0,356.0
21.0,3.0,553.0
21.0,6.0,559.0
21.0,9.0,657.0
21.0,12.0,477.0
21.0,15.0,512.0
21.0,18.0,1493.0
21.0,21.0,564.0
21.0,24.0,745.0
21.0,27.0,465.0
21.0,30.0,290.0
21.0,33.0,351.0
21.0,36.0,430.0
21.0,42.0,1427.0
21.0,45.0,707.0
21.0,48.0,348.0
21.0,51.0,179.0
21.0,54.0,153.0
21.0,57.0,130.0
21.0,75.0,224.0
21.0,78.0,338.0
21.0,81.0,307.0
21.0,84.0,128.0
21.0,87.0,0.0
21.0,93.0,1.0
21.0,96.0,165.0
21.0,99.0,767.0
21.0,102.0,1019.0
21.0,105.0,357.0
24.0,-105.0,2466.0
24.0,-102.0,1857.0
24.0,-99.0,178.0
24.0,-15.0,202.0
24.0,-12.0,244.0
24.0,-9.0,248.0
24.0,-6.0,317.0
24.0,-3.0,249.0
24.0,0.0,318.0
24.0,3.0,529.0
24.0,6.0,1155.0
24.0,9.0,871.0
24.0,12.0,916.0
24.0,15.0,576.0
24.0,18.0,468.0
24.0,21.0,441.0
24.0,24.0,427.0
24.0,27.0,688.0
24.0,30.0,258.0
24.0,33.0,224.0
24.0,39.0,558.0
24.0,42.0,957.0
24.0,45.0,931.0
24.0,48.0,479.0
24.0,51.0,23.0
24.0,54.0,4.0
24.0,57.0,26.0
24.0,69.0,0.0
24.0,72.0,79.0
24.0,75.0,465.0
24.0,78.0,395.0
24.0,81.0,349.0
24.0,84.0,244.0
24.0,87.0,189.0
24.0,90.0,11.0
24.0,93.0,310.0
24.0,96.0,175.0
24.0,99.0,1926.0
24.0,102.0,1899.0
24.0,105.0,1183.0
24.0,108.0,226.0
24.0,111.0,428.0
24.0,114.0,865.0
24.0,117.0,103.0
27.0,-114.0,70.0
27.0,-108.0,636.0
27.0,-105.0,1439.0
27.0,-102.0,767.0
27.0,-99.0,139.0
27.0,-81.0,4.0
27.0,-12.0,224.0
27.0,-9.0,454.0
27.0,-6.0,379.0
27.0,-3.0,418.0
27.0,0.0,274.0
27.0,3.0,357.0
27.0,6.0,443.0
27.0,9.0,535.0
27.0,12.0,493.0
27.0,15.0,471.0
27.0,18.0,503.0
27.0,21.0,191.0
27.0,24.0,231.0
27.0,27.0,177.0
27.0,30.0,198.0
27.0,33.0,430.0
27.0,36.0,136.0
27.0,39.0,1036.0
27.0,42.0,1056.0
27.0,45.0,588.0
27.0,48.0,206.0
27.0,54.0,357.0
27.0,57.0,3.0
27.0,60.0,580.0
27.0,63.0,1005.0
27.0,66.0,1379.0
27.0,69.0,47.0
27.0,72.0,238.0
27.0,75.0,362.0
27.0,78.0,157.0
27.0,81.0,123.0
27.0,84.0,90.0
27.0,87.0,1892.0
27.0,90.0,2088.0
27.0,93.0,389.0
27.0,96.0,1279.0
27.0,99.0,3531.0
27.0,102.0,1881.0
27.0,105.0,1748.0
27.0,108.0,829.0
27.0,111.0,369.0
27.0,114.0,141.0
27.0,117.0,467.0
27.0,120.0,649.0
30.0,-111.0,640.0
30.0,-108.0,1648.0
30.0,-105.0,1222.0
30.0,-102.0,573.0
30.0,-99.0,520.0
30.0,-96.0,61.0
30.0,-93.0,0.0
30.0,-90.0,0.0
30.0,-9.0,1164.0
30.0,-6.0,889.0
30.0,-3.0,625.0
30.0,0.0,462.0
30.0,3.0,356.0
30.0,6.0,300.0
30.0,9.0,335.0
30.0,12.0,629.0
30.0,15.0,359.0
30.0,18.0,234.0
30.0,21.0,-19.0
30.0,24.0,79.0
30.0,27.0,-78.0
30.0,30.0,137.0
30.0,33.0,476.0
30.0,36.0,936.0
30.0,39.0,584.0
30.0,42.0,494.0
30.0,45.0,291.0
30.0,48.0,0.0
30.0,51.0,843.0
30.0,54.0,2420.0
30.0,57.0,2012.0
30.0,60.0,1497.0
30.0,63.0,583.0
30.0,66.0,970.0
30.0,69.0,1061.0
30.0,72.0,130.0
30.0,75.0,206.0
30.0,78.0,317.0
30.0,81.0,5972.0
30.0,84.0,4667.0
30.0,87.0,5203.0
30.0,90.0,5599.0
30.0,93.0,3904.0
30.0,96.0,4416.0
30.0,99.0,3726.0
30.0,102.0,4312.0
30.0,105.0,383.0
30.0,108.0,1175.0
30.0,111.0,837.0
30.0,114.0,27.0
30.0,117.0,173.0
30.0,120.0,24.0
33.0,-117.0,400.0
33.0,-114.0,468.0
33.0,-111.0,1018.0
-33.0,-60.0,56.0
-33.0,-57.0,133.0
-33.0,-54.0,119.0
-33.0,21.0,437.0
-33.0,24.0,203.0
-33.0,27.0,0.0
-33.0,117.0,320.0
-33.0,120.0,0.0
-33.0,123.0,0.0
-33.0,135.0,0.0
-33.0,138.0,112.0
-33.0,141.0,22.0
-33.0,144.0,74.0
-33.0,147.0,256.0
-33.0,150.0,934.0
-30.0,-69.0,2268.0
-30.0,-66.0,379.0
-30.0,-63.0,99.0
-30.0,-60.0,16.0
-30.0,-57.0,137.0
-30.0,-54.0,302.0
-30.0,-51.0,0.0
-30.0,18.0,405.0
-30.0,21.0,1122.0
-30.0,24.0,1323.0
-30.0,27.0,1499.0
-30.0,30.0,310.0
-30.0,117.0,334.0
-30.0,120.0,386.0
-30.0,123.0,347.0
-30.0,126.0,165.0
-30.0,129.0,145.0
-30.0,132.0,63.0
-30.0,135.0,138.0
-30.0,138.0,31.0
-30.0,141.0,73.0
33.0,-108.0,2000.0
33.0,-105.0,1531.0
33.0,-102.0,945.0
33.0,-99.0,373.0
33.0,-96.0,139.0
33.0,-93.0,90.0
33.0,-90.0,105.0
33.0,-87.0,116.0
33.0,-84.0,197.0
33.0,-81.0,45.0
33.0,-6.0,952.0
33.0,-3.0,1528.0
33.0,0.0,1088.0
33.0,3.0,728.0
33.0,6.0,77.0
33.0,9.0,123.0
33.0,36.0,672.0
33.0,39.0,774.0
33.0,42.0,351.0
33.0,45.0,27.0
33.0,48.0,914.0
33.0,51.0,1957.0
33.0,54.0,1235.0
33.0,57.0,1072.0
33.0,60.0,1699.0
33.0,63.0,1266.0
33.0,66.0,2213.0
33.0,69.0,2499.0
33.0,72.0,287.0
33.0,75.0,1371.0
33.0,78.0,4877.0
33.0,81.0,5059.0
33.0,84.0,4582.0
33.0,87.0,5108.0
33.0,90.0,5054.0
33.0,93.0,4838.0
33.0,96.0,4923.0
33.0,99.0,4737.0
33.0,102.0,3809.0
33.0,105.0,1583.0
33.0,108.0,1471.0
33.0,111.0,433.0
33.0,114.0,85.0
33.0,117.0,22.0
33.0,120.0,3.0
36.0,-120.0,185.0
36.0,-117.0,1243.0
36.0,-114.0,916.0
36.0,-111.0,1769.0
36.0,-108.0,1903.0
36.0,-105.0,2156.0
36.0,-102.0,1108.0
36.0,-99.0,559.0
36.0,-96.0,195.0
36.0,-93.0,303.0
36.0,-90.0,73.0
36.0,-87.0,236.0
36.0,-84.0,323.0
36.0,-81.0,429.0
36.0,-78.0,66.0
36.0,3.0,936.0
36.0,6.0,1001.0
36.0,9.0,608.0
36.0,39.0,259.0
36.0,42.0,308.0
36.0,45.0,485.0
36.0,48.0,1483.0
36.0,51.0,2328.0
36.0,54.0,1376.0
36.0,57.0,887.0
36.0,60.0,955.0
36.0,63.0,597.0
36.0,66.0,1291.0
36.0,69.0,1114.0
36.0,72.0,2408.0
36.0,75.0,4749.0
36.0,78.0,4633.0
36.0,81.0,4415.0
36.0,84.0,5133.0
36.0,87.0,4833.0
36.0,90.0,5021.0
36.0,93.0,4663.0
36.0,96.0,3817.0
36.0,99.0,4467.0
36.0,102.0,2005.0
36.0,105.0,1620.0
36.0,108.0,1172.0
36.0,111.0,1305.0
36.0,114.0,349.0
36.0,117.0,87.0
36.0,120.0,99.0
36.0,129.0,150.0
36.0,138.0,899.0
39.0,-123.0,852.0
39.0,-120.0,1897.0
39.0,-117.0,1766.0
39.0,-114.0,1556.0
39.0,-111.0,1791.0
39.0,-108.0,2994.0
39.0,-105.0,2798.0
39.0,-102.0,1201.0
39.0,-99.0,552.0
39.0,-96.0,331.0
39.0,-93.0,184.0
39.0,-90.0,181.0
39.0,-87.0,149.0
39.0,-84.0,279.0
39.0,-81.0,333.0
39.0,-78.0,393.0
39.0,-9.0,21.0
39.0,-6.0,247.0
39.0,-3.0,829.0
39.0,21.0,0.0
39.0,27.0,4.0
39.0,30.0,1325.0
39.0,33.0,1059.0
39.0,36.0,1416.0
39.0,39.0,969.0
39.0,42.0,1478.0
39.0,45.0,1329.0
39.0,48.0,1176.0
39.0,54.0,-24.0
39.0,57.0,53.0
39.0,60.0,119.0
39.0,63.0,180.0
39.0,66.0,446.0
39.0,69.0,3468.0
39.0,72.0,4871.0
39.0,75.0,3774.0
39.0,78.0,1163.0
39.0,81.0,1129.0
39.0,84.0,1124.0
39.0,87.0,979.0
39.0,90.0,3061.0
39.0,93.0,2733.0
39.0,96.0,3199.0
39.0,99.0,3810.0
39.0,102.0,1362.0
39.0,105.0,1319.0
39.0,108.0,1334.0
39.0,111.0,805.0
39.0,114.0,852.0
39.0,117.0,1.0
39.0,126.0,133.0
39.0,141.0,137.0
42.0,-123.0,1440.0
42.0,-120.0,1586.0
42.0,-117.0,1583.0
42.0,-114.0,1533.0
42.0,-111.0,2004.0
42.0,-108.0,1981.0
42.0,-105.0,1506.0
42.0,-102.0,1173.0
42.0,-99.0,688.0
42.0,-96.0,316.0
42.0,-93.0,314.0
42.0,-90.0,209.0
42.0,-87.0,174.0
42.0,-84.0,262.0
42.0,-81.0,170.0
42.0,-78.0,656.0
42.0,-75.0,594.0
42.0,-72.0,175.0
42.0,-9.0,0.0
42.0,-6.0,754.0
42.0,-3.0,1294.0
42.0,0.0,363.0
42.0,3.0,109.0
42.0,9.0,949.0
42.0,12.0,5.0
42.0,15.0,3.0
42.0,21.0,441.0
42.0,24.0,934.0
42.0,27.0,342.0
42.0,42.0,60.0
42.0,45.0,1045.0
42.0,48.0,745.0
42.0,54.0,186.0
42.0,57.0,76.0
42.0,60.0,83.0
42.0,63.0,90.0
42.0,66.0,209.0
42.0,69.0,432.0
42.0,72.0,3293.0
42.0,75.0,2274.0
42.0,78.0,3896.0
42.0,81.0,4432.0
42.0,84.0,1345.0
42.0,87.0,1045.0
42.0,90.0,802.0
42.0,93.0,824.0
42.0,96.0,2208.0
42.0,99.0,1422.0
42.0,102.0,1003.0
42.0,105.0,1170.0
42.0,108.0,1302.0
42.0,111.0,1276.0
42.0,114.0,1497.0
42.0,117.0,1425.0
42.0,120.0,866.0
42.0,123.0,31.0
42.0,126.0,530.0
42.0,129.0,1172.0
42.0,141.0,0.0
45.0,-123.0,50.0
45.0,-120.0,1375.0
45.0,-117.0,1583.0
45.0,-114.0,2088.0
45.0,-111.0,2389.0
45.0,-108.0,1675.0
45.0,-105.0,1211.0
45.0,-102.0,759.0
45.0,-99.0,444.0
45.0,-96.0,317.0
45.0,-93.0,311.0
45.0,-90.0,420.0
45.0,-87.0,174.0
45.0,-84.0,262.0
45.0,-81.0,174.0
45.0,-78.0,355.0
45.0,-75.0,90.0
45.0,-72.0,415.0
45.0,-69.0,105.0
45.0,-63.0,111.0
45.0,0.0,37.0
45.0,3.0,1014.0
45.0,6.0,2444.0
45.0,9.0,87.0
45.0,12.0,0.0
45.0,15.0,861.0
45.0,18.0,111.0
45.0,21.0,156.0
45.0,24.0,425.0
45.0,27.0,59.0
45.0,39.0,21.0
45.0,42.0,505.0
45.0,45.0,46.0
45.0,54.0,-28.0
45.0,57.0,137.0
45.0,60.0,30.0
45.0,63.0,90.0
45.0,66.0,127.0
45.0,69.0,216.0
45.0,72.0,306.0
45.0,75.0,361.0
45.0,78.0,469.0
45.0,81.0,1379.0
45.0,84.0,257.0
45.0,87.0,446.0
45.0,90.0,1012.0
45.0,93.0,1660.0
45.0,96.0,1267.0
45.0,99.0,1963.0
45.0,102.0,1338.0
45.0,105.0,1362.0
45.0,108.0,1082.0
45.0,111.0,1024.0
45.0,114.0,1473.0
45.0,117.0,1069.0
45.0,120.0,1018.0
45.0,123.0,147.0
45.0,126.0,201.0
45.0,129.0,936.0
45.0,132.0,83.0
45.0,135.0,497.0
48.0,-120.0,1248.0
48.0,-117.0,713.0
48.0,-114.0,1158.0
48.0,-111.0,1076.0
48.0,-108.0,759.0
48.0,-105.0,676.0
48.0,-102.0,628.0
48.0,-99.0,440.0
48.0,-96.0,352.0
48.0,-93.0,408.0
48.0,-90.0,425.0
48.0,-87.0,181.0
48.0,-84.0,437.0
48.0,-81.0,441.0
48.0,-78.0,294.0
48.0,-75.0,598.0
48.0,-72.0,529.0
48.0,-69.0,198.0
48.0,-66.0,0.0
48.0,-57.0,280.0
48.0,-54.0,140.0
48.0,-3.0,88.0
48.0,0.0,113.0
48.0,3.0,169.0
48.0,6.0,345.0
48.0,9.0,746.0
48.0,12.0,485.0
48.0,15.0,402.0
48.0,18.0,110.0
48.0,21.0,104.0
48.0,24.0,653.0
48.0,27.0,164.0
48.0,30.0,188.0
48.0,33.0,111.0
48.0,36.0,125.0
48.0,39.0,106.0
48.0,42.0,75.0
48.0,45.0,11.0
48.0,48.0,-7.0
48.0,51.0,-15.0
48.0,54.0,37.0
48.0,57.0,225.0
48.0,60.0,195.0
48.0,63.0,53.0
48.0,66.0,378.0
48.0,69.0,346.0
48.0,72.0,699.0
48.0,75.0,764.0
48.0,78.0,668.0
48.0,81.0,837.0
48.0,84.0,390.0
48.0,87.0,796.0
48.0,90.0,2953.0
48.0,93.0,1211.0
48.0,96.0,1887.0
48.0,99.0,2643.0
48.0,102.0,1733.0
48.0,105.0,1092.0
48.0,108.0,1809.0
48.0,111.0,1327.0
48.0,114.0,778.0
48.0,117.0,591.0
48.0,120.0,891.0
48.0,123.0,271.0
48.0,126.0,234.0
48.0,129.0,281.0
48.0,132.0,68.0
48.0,135.0,58.0
48.0,138.0,349.0
51.0,-126.0,1510.0
51.0,-123.0,1576.0
51.0,-120.0,1574.0
51.0,-117.0,1816.0
51.0,-114.0,1041.0
51.0,-111.0,728.0
51.0,-108.0,606.0
51.0,-105.0,535.0
51.0,-102.0,537.0
51.0,-99.0,263.0
51.0,-96.0,268.0
51.0,-93.0,387.0
51.0,-90.0,381.0
51.0,-87.0,282.0
51.0,-84.0,102.0
51.0,-81.0,29.0
51.0,-78.0,204.0
51.0,-75.0,377.0
51.0,-72.0,589.0
51.0,-69.0,590.0
51.0,-66.0,632.0
51.0,-63.0,548.0
51.0,-60.0,249.0
51.0,-57.0,0.0
51.0,-3.0,25.0
51.0,0.0,30.0
-30.0,144.0,143.0
-30.0,147.0,151.0
-30.0,150.0,329.0
-30.0,153.0,2.0
-27.0,-69.0,4845.0
-27.0,-66.0,2385.0
-27.0,-63.0,125.0
-27.0,-60.0,59.0
-27.0,-57.0,66.0
-27.0,-54.0,395.0
-27.0,-51.0,668.0
-27.0,18.0,716.0
-27.0,21.0,901.0
-27.0,24.0,1410.0
-27.0,27.0,1379.0
-27.0,30.0,1276.0
-27.0,114.0,0.0
-27.0,117.0,464.0
-27.0,120.0,435.0
-27.0,123.0,464.0
-27.0,126.0,413.0
-27.0,129.0,321.0
-27.0,132.0,409.0
-27.0,135.0,120.0
-27.0,138.0,18.0
-27.0,141.0,86.0
-27.0,144.0,158.0
-27.0,147.0,186.0
-27.0,150.0,269.0
-27.0,153.0,59.0
-24.0,-69.0,3894.0
-24.0,-66.0,2777.0
-24.0,-63.0,245.0
-24.0,-60.0,113.0
-24.0,-57.0,63.0
-24.0,-54.0,432.0
51.0,3.0,11.0
51.0,6.0,81.0
51.0,9.0,436.0
51.0,12.0,166.0
51.0,15.0,304.0
51.0,18.0,183.0
51.0,21.0,309.0
51.0,24.0,202.0
51.0,27.0,192.0
51.0,30.0,123.0
51.0,33.0,150.0
51.0,36.0,174.0
51.0,39.0,171.0
51.0,42.0,138.0
51.0,45.0,161.0
51.0,48.0,84.0
51.0,51.0,34.0
51.0,54.0,91.0
51.0,57.0,336.0
51.0,60.0,344.0
51.0,63.0,287.0
51.0,66.0,278.0
51.0,69.0,353.0
51.0,72.0,391.0
51.0,75.0,330.0
51.0,78.0,166.0
51.0,81.0,238.0
51.0,84.0,1129.0
51.0,87.0,1677.0
51.0,90.0,1078.0
51.0,93.0,2274.0
51.0,96.0,1662.0
51.0,99.0,2153.0
51.0,102.0,1810.0
51.0,105.0,1416.0
51.0,108.0,1155.0
51.0,111.0,1073.0
51.0,114.0,907.0
51.0,117.0,1113.0
51.0,120.0,818.0
51.0,123.0,773.0
51.0,126.0,404.0
51.0,129.0,259.0
51.0,132.0,764.0
51.0,135.0,707.0
51.0,138.0,224.0
54.0,-132.0,56.0
54.0,-129.0,882.0
54.0,-126.0,805.0
54.0,-123.0,712.0
54.0,-120.0,1665.0
54.0,-117.0,964.0
54.0,-114.0,710.0
54.0,-111.0,688.0
54.0,-108.0,551.0
54.0,-105.0,603.0
54.0,-102.0,288.0
54.0,-99.0,234.0
54.0,-96.0,254.0
54.0,-93.0,257.0
54.0,-90.0,224.0
54.0,-87.0,112.0
54.0,-84.0,119.0
54.0,-78.0,151.0
54.0,-75.0,222.0
54.0,-72.0,450.0
54.0,-69.0,546.0
54.0,-66.0,519.0
54.0,-63.0,486.0
54.0,-60.0,339.0
54.0,-9.0,152.0
54.0,9.0,1.0
54.0,12.0,23.0
54.0,15.0,18.0
54.0,18.0,159.0
54.0,21.0,131.0
54.0,24.0,108.0
54.0,27.0,232.0
54.0,30.0,193.0
54.0,33.0,193.0
54.0,36.0,242.0
54.0,39.0,222.0
54.0,42.0,136.0
54.0,45.0,194.0
54.0,48.0,156.0
54.0,51.0,243.0
54.0,54.0,250.0
54.0,57.0,591.0
54.0,60.0,363.0
54.0,63.0,184.0
54.0,66.0,163.0
54.0,69.0,147.0
54.0,72.0,56.0
54.0,75.0,106.0
54.0,78.0,109.0
54.0,81.0,187.0
54.0,84.0,192.0
54.0,87.0,299.0
54.0,90.0,1041.0
54.0,93.0,475.0
54.0,96.0,1679.0
54.0,99.0,1353.0
54.0,102.0,502.0
54.0,105.0,1015.0
54.0,108.0,1316.0
54.0,111.0,1884.0
54.0,114.0,970.0
54.0,117.0,718.0
54.0,120.0,832.0
54.0,123.0,558.0
54.0,126.0,469.0
54.0,129.0,413.0
54.0,132.0,254.0
54.0,135.0,1554.0
54.0,156.0,49.0
54.0,159.0,293.0
57.0,-132.0,1433.0
57.0,-129.0,1491.0
57.0,-126.0,1681.0
57.0,-123.0,1059.0
57.0,-120.0,754.0
57.0,-117.0,534.0
57.0,-114.0,572.0
57.0,-111.0,500.0
57.0,-108.0,479.0
57.0,-105.0,536.0
57.0,-102.0,335.0
57.0,-99.0,291.0
57.0,-96.0,208.0
57.0,-93.0,48.0
57.0,-90.0,4.0
57.0,-75.0,274.0
57.0,-72.0,388.0
57.0,-69.0,244.0
57.0,-66.0,346.0
57.0,-63.0,504.0
57.0,-6.0,0.0
57.0,-3.0,658.0
57.0,9.0,0.0
57.0,15.0,201.0
57.0,24.0,19.0
57.0,27.0,98.0
57.0,30.0,118.0
57.0,33.0,255.0
57.0,36.0,145.0
57.0,39.0,132.0
57.0,42.0,144.0
57.0,45.0,153.0
57.0,48.0,135.0
57.0,51.0,94.0
57.0,54.0,78.0
57.0,57.0,226.0
57.0,60.0,376.0
57.0,63.0,129.0
57.0,66.0,57.0
57.0,69.0,84.0
57.0,72.0,100.0
57.0,75.0,90.0
57.0,78.0,135.0
57.0,81.0,111.0
57.0,84.0,120.0
57.0,87.0,110.0
57.0,90.0,238.0
57.0,93.0,181.0
57.0,96.0,259.0
57.0,99.0,408.0
57.0,102.0,478.0
57.0,105.0,427.0
57.0,108.0,366.0
57.0,111.0,862.0
57.0,114.0,1147.0
57.0,117.0,1186.0
57.0,120.0,1516.0
57.0,123.0,902.0
57.0,126.0,1060.0
57.0,129.0,1314.0
57.0,132.0,1121.0
57.0,135.0,368.0
57.0,138.0,1092.0
57.0,159.0,554.0
57.0,162.0,346.0
60.0,-162.0,3.0
60.0,-159.0,463.0
60.0,-156.0,123.0
60.0,-153.0,1023.0
60.0,-150.0,1338.0
60.0,-141.0,290.0
60.0,-138.0,1320.0
60.0,-135.0,668.0
60.0,-132.0,1125.0
60.0,-129.0,806.0
60.0,-126.0,1070.0
60.0,-123.0,368.0
60.0,-120.0,471.0
60.0,-117.0,300.0
60.0,-114.0,292.0
60.0,-111.0,282.0
60.0,-108.0,481.0
60.0,-105.0,479.0
60.0,-102.0,354.0
60.0,-99.0,311.0
60.0,-96.0,160.0
60.0,-75.0,178.0
60.0,-72.0,216.0
60.0,6.0,382.0
60.0,9.0,918.0
60.0,12.0,340.0
60.0,15.0,271.0
60.0,18.0,38.0
60.0,24.0,0.0
60.0,30.0,0.0
60.0,33.0,58.0
60.0,36.0,178.0
60.0,39.0,143.0
60.0,42.0,222.0
60.0,45.0,178.0
60.0,48.0,173.0
60.0,51.0,206.0
60.0,54.0,177.0
60.0,57.0,148.0
60.0,60.0,250.0
60.0,63.0,81.0
60.0,66.0,49.0
60.0,69.0,39.0
60.0,72.0,62.0
60.0,75.0,87.0
60.0,78.0,89.0
60.0,81.0,73.0
60.0,84.0,150.0
60.0,87.0,156.0
60.0,90.0,130.0
60.0,93.0,526.0
60.0,96.0,464.0
60.0,99.0,415.0
60.0,102.0,375.0
60.0,105.0,366.0
60.0,108.0,322.0
60.0,111.0,396.0
60.0,114.0,405.0
60.0,117.0,197.0
60.0,120.0,277.0
60.0,123.0,412.0
60.0,126.0,621.0
60.0,129.0,353.0
60.0,132.0,218.0
60.0,135.0,329.0
60.0,138.0,635.0
60.0,141.0,840.0
60.0,144.0,310.0
60.0,147.0,340.0
60.0,150.0,704.0
60.0,153.0,174.0
60.0,162.0,269.0
60.0,165.0,45.0
63.0,-162.0,268.0
63.0,-159.0,32.0
63.0,-156.0,126.0
63.0,-153.0,363.0
63.0,-150.0,664.0
63.0,-147.0,820.0
63.0,-144.0,1322.0
63.0,-141.0,699.0
63.0,-48.0,2088.0
63.0,-45.0,2833.0
63.0,9.0,26.0
63.0,12.0,730.0
63.0,15.0,356.0
63.0,18.0,121.0
63.0,24.0,124.0
63.0,27.0,107.0
63.0,30.0,109.0
66.0,-165.0,24.0
66.0,-162.0,2.0
66.0,-159.0,123.0
66.0,-156.0,62.0
66.0,-153.0,401.0
66.0,-150.0,347.0
66.0,-147.0,323.0
66.0,-144.0,178.0
66.0,-141.0,688.0
66.0,-51.0,1627.0
66.0,-48.0,1762.0
66.0,-45.0,2391.0
66.0,-42.0,2112.0
66.0,-39.0,1512.0
66.0,-18.0,434.0
66.0,-15.0,212.0
66.0,15.0,728.0
66.0,18.0,435.0
66.0,21.0,225.0
66.0,24.0,26.0
66.0,27.0,198.0
66.0,30.0,277.0
69.0,-162.0,415.0
69.0,-159.0,477.0
69.0,-156.0,325.0
69.0,-153.0,256.0
69.0,-150.0,369.0
69.0,-147.0,1374.0
69.0,-144.0,1922.0
69.0,-141.0,795.0
69.0,-51.0,122.0
69.0,-48.0,1427.0
69.0,-45.0,2139.0
69.0,-42.0,2611.0
69.0,-39.0,2900.0
69.0,-36.0,2747.0
69.0,-33.0,1383.0
69.0,-30.0,1617.0
69.0,-27.0,1045.0
69.0,18.0,630.0
69.0,21.0,863.0
69.0,24.0,404.0
69.0,27.0,255.0
72.0,-54.0,1045.0
72.0,-51.0,1722.0
72.0,-48.0,2304.0
72.0,-45.0,2717.0
72.0,-42.0,2970.0
72.0,-39.0,3150.0
72.0,-36.0,3104.0
72.0,-33.0,2823.0
72.0,-30.0,2018.0
72.0,-27.0,1658.0
72.0,-24.0,823.0
-24.0,-51.0,518.0
-24.0,-48.0,7.0
-24.0,15.0,378.0
-24.0,18.0,1172.0
-24.0,21.0,1021.0
-24.0,24.0,1068.0
-24.0,27.0,1024.0
-24.0,30.0,1101.0
-24.0,33.0,45.0
-24.0,45.0,222.0
-24.0,114.0,27.0
-24.0,117.0,391.0
-24.0,120.0,626.0
-24.0,123.0,429.0
-24.0,126.0,441.0
-24.0,129.0,750.0
-24.0,132.0,539.0
-24.0,135.0,265.0
-24.0,138.0,72.0
-24.0,141.0,116.0
-24.0,144.0,204.0
-24.0,147.0,603.0
-24.0,150.0,172.0
-21.0,-69.0,2979.0
-21.0,-66.0,3718.0
-21.0,-63.0,299.0
-21.0,-60.0,143.0
-21.0,-57.0,237.0
-21.0,-54.0,347.0
-21.0,-51.0,402.0
-21.0,-48.0,802.0
-21.0,-45.0,881.0
-21.0,-42.0,604.0
-21.0,15.0,865.0
-21.0,18.0,1661.0
-21.0,21.0,1195.0
-21.0,24.0,959.0
-21.0,27.0,1055.0
-21.0,30.0,574.0
-21.0,33.0,121.0
-21.0,45.0,357.0
-21.0,48.0,18.0
-21.0,117.0,469.0
-21.0,120.0,449.0
-21.0,123.0,241.0
-21.0,126.0,338.0
-21.0,129.0,363.0
-21.0,132.0,615.0
-21.0,135.0,452.0
-21.0,138.0,208.0
-21.0,141.0,291.0
-21.0,144.0,281.0
-21.0,147.0,215.0
-21.0,165.0,0.0
-18.0,-69.0,4671.0
-18.0,-66.0,3821.0
-18.0,-63.0,396.0
-18.0,-60.0,240.0
-18.0,-57.0,90.0
-18.0,-54.0,461.0
-18.0,-51.0,475.0
-18.0,-48.0,695.0
-18.0,-45.0,667.0
-18.0,-42.0,212.0
-18.0,12.0,0.0
-18.0,15.0,1156.0
-18.0,18.0,1185.0
-18.0,21.0,1065.0
-18.0,24.0,919.0
-18.0,27.0,1027.0
-18.0,30.0,1219.0
-18.0,33.0,680.0
-18.0,36.0,0.0
-18.0,45.0,533.0
-18.0,48.0,899.0
-18.0,123.0,160.0
-18.0,126.0,173.0
-18.0,129.0,454.0
-18.0,132.0,247.0
-18.0,135.0,223.0
-18.0,138.0,245.0
-18.0,141.0,47.0
-18.0,144.0,716.0
-15.0,-75.0,0.0
-15.0,-72.0,3586.0
-15.0,-69.0,3809.0
-15.0,-66.0,222.0
-15.0,-63.0,293.0
-15.0,-60.0,223.0
-15.0,-57.0,167.0
-15.0,-54.0,368.0
-15.0,-51.0,526.0
-15.0,-48.0,1236.0
-15.0,-45.0,460.0
-15.0,-42.0,894.0
-15.0,-39.0,40.0
-15.0,15.0,1141.0
-15.0,18.0,1237.0
-15.0,21.0,1110.0
-15.0,24.0,1089.0
-15.0,27.0,996.0
-15.0,30.0,693.0
-15.0,33.0,353.0
-15.0,36.0,519.0
-15.0,39.0,194.0
-15.0,48.0,258.0
-15.0,126.0,600.0
-15.0,129.0,103.0
-15.0,132.0,241.0
-15.0,135.0,146.0
-15.0,144.0,224.0
-12.0,-75.0,4729.0
-12.0,-72.0,3486.0
-12.0,-69.0,219.0
-12.0,-66.0,146.0
-12.0,-63.0,153.0
-12.0,-60.0,582.0
-12.0,-57.0,370.0
-12.0,-54.0,317.0
-12.0,-51.0,219.0
-12.0,-48.0,758.0
-12.0,-45.0,757.0
-12.0,-42.0,1299.0
-12.0,-39.0,49.0
-12.0,15.0,1976.0
-12.0,18.0,1382.0
-12.0,21.0,1197.0
-12.0,24.0,1172.0
-12.0,27.0,1238.0
-12.0,30.0,1224.0
-12.0,33.0,1095.0
-12.0,36.0,761.0
-12.0,39.0,476.0
-9.0,-78.0,343.0
-9.0,-75.0,275.0
-9.0,-72.0,361.0
-9.0,-69.0,172.0
-9.0,-66.0,151.0
-9.0,-63.0,158.0
-9.0,-60.0,182.0
-9.0,-57.0,218.0
-9.0,-54.0,332.0
-9.0,-51.0,220.0
-9.0,-48.0,314.0
-9.0,-45.0,438.0
-9.0,-42.0,670.0
-9.0,-39.0,535.0
-9.0,-36.0,0.0
-9.0,15.0,1069.0
-9.0,18.0,1242.0
-9.0,21.0,1096.0
-9.0,24.0,1056.0
-9.0,27.0,896.0
-9.0,30.0,1463.0
-9.0,33.0,991.0
-9.0,36.0,826.0
-9.0,39.0,367.0
-9.0,117.0,0.0
-9.0,126.0,0.0
-9.0,141.0,0.0
-9.0,147.0,0.0
-6.0,-81.0,0.0
-6.0,-78.0,973.0
-6.0,-75.0,171.0
-6.0,-72.0,203.0
-6.0,-69.0,152.0
-6.0,-66.0,103.0
-6.0,-63.0,67.0
-6.0,-60.0,144.0
-6.0,-57.0,250.0
-6.0,-54.0,236.0
-6.0,-51.0,294.0
-6.0,-48.0,281.0
-6.0,-45.0,260.0
-6.0,-42.0,254.0
-6.0,-39.0,327.0
-6.0,-36.0,511.0
-6.0,15.0,843.0
-6.0,18.0,980.0
-6.0,21.0,656.0
-6.0,24.0,729.0
-6.0,27.0,577.0
-6.0,30.0,770.0
-6.0,33.0,1166.0
-6.0,36.0,784.0
-6.0,141.0,10.0
-6.0,144.0,212.0
-6.0,147.0,0.0
-6.0,150.0,0.0
-3.0,-78.0,955.0
-3.0,-75.0,128.0
-3.0,-72.0,139.0
-3.0,-69.0,100.0
-3.0,-66.0,90.0
-3.0,-63.0,31.0
-3.0,-60.0,44.0
-3.0,-57.0,67.0
-3.0,-54.0,277.0
-3.0,-51.0,191.0
-3.0,-48.0,117.0
-3.0,-45.0,18.0
-3.0,-42.0,69.0
-3.0,12.0,210.0
-3.0,15.0,370.0
-3.0,18.0,364.0
-3.0,21.0,360.0
-3.0,24.0,563.0
-3.0,27.0,648.0
-3.0,30.0,1325.0
-3.0,33.0,1120.0
-3.0,36.0,1234.0
-3.0,39.0,368.0
-3.0,102.0,0.0
-3.0,105.0,39.0
-3.0,111.0,0.0
-3.0,114.0,0.0
-3.0,120.0,7.0
-3.0,129.0,0.0
-3.0,138.0,2789.0
-3.0,141.0,93.0
0.0,-78.0,4698.0
0.0,-75.0,196.0
0.0,-72.0,197.0
0.0,-69.0,121.0
0.0,-66.0,87.0
0.0,-63.0,55.0
0.0,-60.0,129.0
0.0,-57.0,212.0
0.0,-54.0,274.0
0.0,-51.0,0.0
0.0,12.0,299.0
0.0,15.0,389.0
0.0,18.0,323.0
0.0,21.0,364.0
0.0,24.0,426.0
0.0,27.0,757.0
0.0,30.0,942.0
0.0,33.0,1133.0
0.0,36.0,1545.0
0.0,39.0,243.0
0.0,42.0,23.0
0.0,102.0,15.0
0.0,111.0,25.0
0.0,114.0,425.0
0.0,117.0,25.0
0.0,120.0,497.0
3.0,-75.0,1766.0
3.0,-72.0,190.0
3.0,-69.0,122.0
3.0,-66.0,117.0
3.0,-63.0,456.0
3.0,-60.0,103.0
