water_price_usd_per_m3,hydrogel_lifetime_years,daily_yield_kg_m2,thermal_efficiency,n_cycles_per_day,lcow_usd_per_m3,npv_usd_per_m2,payback_years_simple,payback_years_discounted
1.0,0.5,21.497021836022054,0.0016638301493752347,10.0,19.904995823622553,-13107.498161532934,inf,inf
2.7142857142857144,0.5,21.497021836022054,0.0016638301493752347,10.0,19.904995823622553,-11918.923614483128,inf,inf
4.428571428571429,0.5,21.497021836022054,0.0016638301493752347,10.0,19.904995823622553,-10730.349067433322,inf,inf
6.142857142857142,0.5,21.497021836022054,0.0016638301493752347,10.0,19.904995823622553,-9541.774520383517,inf,inf
7.857142857142857,0.5,21.497021836022054,0.0016638301493752347,10.0,19.904995823622553,-8353.19997333371,236.4984752608725,inf
9.571428571428571,0.5,21.497021836022054,0.0016638301493752347,10.0,19.904995823622553,-7164.625426283903,55.18998834638346,inf
11.285714285714285,0.5,21.497021836022054,0.0016638301493752347,10.0,19.904995823622553,-5976.050879234098,31.240140244735073,inf
13.0,0.5,21.497021836022054,0.0016638301493752347,10.0,19.904995823622553,-4787.476332184291,21.78603157941188,inf
14.714285714285714,0.5,21.497021836022054,0.0016638301493752347,10.0,19.904995823622553,-3598.901785134485,16.72468960961294,inf
16.428571428571427,0.5,21.497021836022054,0.0016638301493752347,10.0,19.904995823622553,-2410.327238084681,13.571704335361325,inf
18.142857142857142,0.5,21.497021836022054,0.0016638301493752347,10.0,19.904995823622553,-1221.7526910348715,11.418968456245675,31.805870733816775
19.857142857142858,0.5,21.497021836022054,0.0016638301493752347,10.0,19.904995823622553,-33.17814398506562,9.855668093055767,20.18307152735443
21.57142857142857,0.5,21.497021836022054,0.0016638301493752347,10.0,19.904995823622553,1155.3964030647385,8.668867101361073,15.36580159789824
23.285714285714285,0.5,21.497021836022054,0.0016638301493752347,10.0,19.904995823622553,2343.970950114546,7.737171482038692,12.537342424700478
25.0,0.5,21.497021836022054,0.0016638301493752347,10.0,19.904995823622553,3532.545497164352,6.98631041425658,10.63518134456191
1.0,0.6071428571428571,21.497021836022054,0.0016638301493752347,10.0,19.849329793887005,-13068.902946319697,inf,inf
2.7142857142857144,0.6071428571428571,21.497021836022054,0.0016638301493752347,10.0,19.849329793887005,-11880.328399269893,inf,inf
4.428571428571429,0.6071428571428571,21.497021836022054,0.0016638301493752347,10.0,19.849329793887005,-10691.753852220085,inf,inf
6.142857142857142,0.6071428571428571,21.497021836022054,0.0016638301493752347,10.0,19.849329793887005,-9503.179305170279,inf,inf
7.857142857142857,0.6071428571428571,21.497021836022054,0.0016638301493752347,10.0,19.849329793887005,-8314.604758120473,213.70172695924785,inf
9.571428571428571,0.6071428571428571,21.497021836022054,0.0016638301493752347,10.0,19.849329793887005,-7126.030211070667,53.849453433331426,inf
11.285714285714285,0.6071428571428571,21.497021836022054,0.0016638301493752347,10.0,19.849329793887005,-5937.455664020861,30.80604458677604,inf
13.0,0.6071428571428571,21.497021836022054,0.0016638301493752347,10.0,19.849329793887005,-4748.881116971055,21.574026694473176,inf
14.714285714285714,0.6071428571428571,21.497021836022054,0.0016638301493752347,10.0,19.849329793887005,-3560.3065699212484,16.599465286651075,inf
16.428571428571427,0.6071428571428571,21.497021836022054,0.0016638301493752347,10.0,19.849329793887005,-2371.7320228714443,13.48912815356949,inf
18.142857142857142,0.6071428571428571,21.497021836022054,0.0016638301493752347,10.0,19.849329793887005,-1183.1574758216348,11.360454547641348,31.12093017529403
19.857142857142858,0.6071428571428571,21.497021836022054,0.0016638301493752347,10.0,19.849329793887005,5.4170712281720625,9.81204843266398,19.970483990663404
21.57142857142857,0.6071428571428571,21.497021836022054,0.0016638301493752347,10.0,19.849329793887005,1193.9916182779762,8.635102132702222,15.251786752232157
23.285714285714285,0.6071428571428571,21.497021836022054,0.0016638301493752347,10.0,19.849329793887005,2382.5661653277803,7.710263077615389,12.464139550229067
25.0,0.6071428571428571,21.497021836022054,0.0016638301493752347,10.0,19.849329793887005,3571.140712377588,6.964363884398505,10.58356470614561
1.0,0.7142857142857143,21.497021836022054,0.0016638301493752347,10.0,19.81036357307212,-13041.886295670432,inf,inf
2.7142857142857144,0.7142857142857143,21.497021836022054,0.0016638301493752347,10.0,19.81036357307212,-11853.311748620627,inf,inf
4.428571428571429,0.7142857142857143,21.497021836022054,0.0016638301493752347,10.0,19.81036357307212,-10664.73720157082,inf,inf
6.142857142857142,0.7142857142857143,21.497021836022054,0.0016638301493752347,10.0,19.81036357307212,-9476.162654521015,inf,inf
7.857142857142857,0.7142857142857143,21.497021836022054,0.0016638301493752347,10.0,19.81036357307212,-8287.588107471209,200.19366833635036,inf
9.571428571428571,0.7142857142857143,21.497021836022054,0.0016638301493752347,10.0,19.81036357307212,-7099.013560421403,52.94917863186619,inf
11.285714285714285,0.7142857142857143,21.497021836022054,0.0016638301493752347,10.0,19.81036357307212,-5910.439013371597,30.509286502906686,inf
13.0,0.7142857142857143,21.497021836022054,0.0016638301493752347,10.0,19.81036357307212,-4721.864466321791,21.428061715977794,inf
14.714285714285714,0.7142857142857143,21.497021836022054,0.0016638301493752347,10.0,19.81036357307212,-3533.289919271984,16.512918191652076,inf
16.428571428571427,0.7142857142857143,21.497021836022054,0.0016638301493752347,10.0,19.81036357307212,-2344.71537222218,13.431920181841033,inf
18.142857142857142,0.7142857142857143,21.497021836022054,0.0016638301493752347,10.0,19.81036357307212,-1156.1408251723715,11.319850347373592,30.666001327061288
19.857142857142858,0.7142857142857143,21.497021836022054,0.0016638301493752347,10.0,19.81036357307212,32.43372187743444,9.781743694944625,19.82481020740217
21.57142857142857,0.7142857142857143,21.497021836022054,0.0016638301493752347,10.0,19.81036357307212,1221.0082689272385,8.611622730177015,15.173089016982209
23.285714285714285,0.7142857142857143,21.497021836022054,0.0016638301493752347,10.0,19.81036357307212,2409.5828159770463,7.691538286993786,12.413442014600157
25.0,0.7142857142857143,21.497021836022054,0.0016638301493752347,10.0,19.81036357307212,3598.157363026852,6.949083174462634,10.547746293693455
1.0,0.8214285714285714,21.497021836022054,0.0016638301493752347,10.0,19.78156245333938,-13021.917466929672,inf,inf
2.7142857142857144,0.8214285714285714,21.497021836022054,0.0016638301493752347,10.0,19.78156245333938,-11833.342919879866,inf,inf
4.428571428571429,0.8214285714285714,21.497021836022054,0.0016638301493752347,10.0,19.78156245333938,-10644.76837283006,inf,inf
6.142857142857142,0.8214285714285714,21.497021836022054,0.0016638301493752347,10.0,19.78156245333938,-9456.193825780254,inf,inf
7.857142857142857,0.8214285714285714,21.497021836022054,0.0016638301493752347,10.0,19.78156245333938,-8267.619278730448,191.25802831447112,inf
9.571428571428571,0.8214285714285714,21.497021836022054,0.0016638301493752347,10.0,19.78156245333938,-7079.044731680641,52.302869346680204,inf
11.285714285714285,0.8214285714285714,21.497021836022054,0.0016638301493752347,10.0,19.78156245333938,-5890.470184630835,30.293592296435815,inf
13.0,0.8214285714285714,21.497021836022054,0.0016638301493752347,10.0,19.78156245333938,-4701.8956375810285,21.321437702244218,inf
14.714285714285714,0.8214285714285714,21.497021836022054,0.0016638301493752347,10.0,19.78156245333938,-3513.3210905312226,16.449526421202908,inf
16.428571428571427,0.8214285714285714,21.497021836022054,0.0016638301493752347,10.0,19.78156245333938,-2324.7465434814185,13.389946930608383,inf
18.142857142857142,0.8214285714285714,21.497021836022054,0.0016638301493752347,10.0,19.78156245333938,-1136.171996431609,11.290024607450304,30.341697398711418
19.857142857142858,0.8214285714285714,21.497021836022054,0.0016638301493752347,10.0,19.78156245333938,52.40255061819698,9.75946458052018,19.7187474600881
21.57142857142857,0.8214285714285714,21.497021836022054,0.0016638301493752347,10.0,19.78156245333938,1240.977097668001,8.594350289934134,15.1154984218608
23.285714285714285,0.8214285714285714,21.497021836022054,0.0016638301493752347,10.0,19.78156245333938,2429.551644717809,7.677756574126154,12.376253873598332
25.0,0.8214285714285714,21.497021836022054,0.0016638301493752347,10.0,19.78156245333938,3618.1261917676147,6.937831765074738,10.521435648484253
1.0,0.9285714285714286,21.497021836022054,0.0016638301493752347,10.0,19.75940774585266,-13006.556829436779,inf,inf
2.7142857142857144,0.9285714285714286,21.497021836022054,0.0016638301493752347,10.0,19.75940774585266,-11817.982282386973,inf,inf
4.428571428571429,0.9285714285714286,21.497021836022054,0.0016638301493752347,10.0,19.75940774585266,-10629.407735337167,inf,inf
6.142857142857142,0.9285714285714286,21.497021836022054,0.0016638301493752347,10.0,19.75940774585266,-9440.83318828736,inf,inf
7.857142857142857,0.9285714285714286,21.497021836022054,0.0016638301493752347,10.0,19.75940774585266,-8252.258641237555,184.90924365342187,inf
9.571428571428571,0.9285714285714286,21.497021836022054,0.0016638301493752347,10.0,19.75940774585266,-7063.684094187747,51.81634498568743,inf
11.285714285714285,0.9285714285714286,21.497021836022054,0.0016638301493752347,10.0,19.75940774585266,-5875.109547137942,30.129737775514386,inf
13.0,0.9285714285714286,21.497021836022054,0.0016638301493752347,10.0,19.75940774585266,-4686.535000088135,21.24013852864369,inf
14.714285714285714,0.9285714285714286,21.497021836022054,0.0016638301493752347,10.0,19.75940774585266,-3497.9604530383285,16.401093740175405,inf
16.428571428571427,0.9285714285714286,21.497021836022054,0.0016638301493752347,10.0,19.75940774585266,-2309.3859059885244,13.357837890345959,inf
18.142857142857142,0.9285714285714286,21.497021836022054,0.0016638301493752347,10.0,19.75940774585266,-1120.8113589387158,11.267188464778892,30.0987518906189
19.857142857142858,0.9285714285714286,21.497021836022054,0.0016638301493752347,10.0,19.75940774585266,67.76318811109195,9.742395738478644,19.63807064463112
21.57142857142857,0.9285714285714286,21.497021836022054,0.0016638301493752347,10.0,19.75940774585266,1256.337735160896,8.581110872837158,15.071527093083988
23.285714285714285,0.9285714285714286,21.497021836022054,0.0016638301493752347,10.0,19.75940774585266,2444.912282210702,7.667188817632062,12.347810094447171
25.0,0.9285714285714286,21.497021836022054,0.0016638301493752347,10.0,19.75940774585266,3633.486829260508,6.929201596844128,10.501290637783356
1.0,1.0357142857142856,21.497021836022054,0.0016638301493752347,10.0,19.741836770949394,-12994.37425487345,inf,inf
2.7142857142857144,1.0357142857142856,21.497021836022054,0.0016638301493752347,10.0,19.741836770949394,-11805.799707823644,inf,inf
4.428571428571429,1.0357142857142856,21.497021836022054,0.0016638301493752347,10.0,19.741836770949394,-10617.225160773836,inf,inf
6.142857142857142,1.0357142857142856,21.497021836022054,0.0016638301493752347,10.0,19.741836770949394,-9428.65061372403,inf,inf
7.857142857142857,1.0357142857142856,21.497021836022054,0.0016638301493752347,10.0,19.741836770949394,-8240.076066674224,180.16601954912858,inf
9.571428571428571,1.0357142857142856,21.497021836022054,0.0016638301493752347,10.0,19.741836770949394,-7051.5015196244185,51.436869744901635,inf
11.285714285714285,1.0357142857142856,21.497021836022054,0.0016638301493752347,10.0,19.741836770949394,-5862.926972574613,30.00103918557852,inf
13.0,1.0357142857142856,21.497021836022054,0.0016638301493752347,10.0,19.741836770949394,-4674.352425524807,21.17609939467041,inf
14.714285714285714,1.0357142857142856,21.497021836022054,0.0016638301493752347,10.0,19.741836770949394,-3485.7778784750008,16.36288393711744,inf
16.428571428571427,1.0357142857142856,21.497021836022054,0.0016638301493752347,10.0,19.741836770949394,-2297.2033314251967,13.332481391144166,inf
18.142857142857142,1.0357142857142856,21.497021836022054,0.0016638301493752347,10.0,19.741836770949394,-1108.628784375387,11.249142624035636,29.909930964595343
19.857142857142858,1.0357142857142856,21.497021836022054,0.0016638301493752347,10.0,19.741836770949394,79.9457626744188,9.72890077606362,19.574638659256856
21.57142857142857,1.0357142857142856,21.497021836022054,0.0016638301493752347,10.0,19.741836770949394,1268.520309724223,8.570639614222829,15.036854573423495
23.285714285714285,1.0357142857142856,21.497021836022054,0.0016638301493752347,10.0,19.741836770949394,2457.0948567740306,7.658828156479486,12.325350884709051
25.0,1.0357142857142856,21.497021836022054,0.0016638301493752347,10.0,19.741836770949394,3645.6694038238365,6.922372232482051,10.48537126922156
1.0,1.1428571428571428,21.497021836022054,0.0016638301493752347,10.0,19.72756035384049,-12984.475913040746,inf,inf
2.7142857142857144,1.1428571428571428,21.497021836022054,0.0016638301493752347,10.0,19.72756035384049,-11795.90136599094,inf,inf
4.428571428571429,1.1428571428571428,21.497021836022054,0.0016638301493752347,10.0,19.72756035384049,-10607.326818941132,inf,inf
6.142857142857142,1.1428571428571428,21.497021836022054,0.0016638301493752347,10.0,19.72756035384049,-9418.752271891326,inf,inf
7.857142857142857,1.1428571428571428,21.497021836022054,0.0016638301493752347,10.0,19.72756035384049,-8230.17772484152,176.48767195762807,inf
9.571428571428571,1.1428571428571428,21.497021836022054,0.0016638301493752347,10.0,19.72756035384049,-7041.603177791714,51.13261452415403,inf
11.285714285714285,1.1428571428571428,21.497021836022054,0.0016638301493752347,10.0,19.72756035384049,-5853.028630741908,29.89727834981859,inf
13.0,1.1428571428571428,21.497021836022054,0.0016638301493752347,10.0,19.72756035384049,-4664.454083692102,21.124351241502247,inf
14.714285714285714,1.1428571428571428,21.497021836022054,0.0016638301493752347,10.0,19.72756035384049,-3475.8795366422955,16.331969317056448,inf
16.428571428571427,1.1428571428571428,21.497021836022054,0.0016638301493752347,10.0,19.72756035384049,-2287.3049895924914,13.311950009665418,inf
18.142857142857142,1.1428571428571428,21.497021836022054,0.0016638301493752347,10.0,19.72756035384049,-1098.7304425426828,11.234522886882488,29.75894549901711
19.857142857142858,1.1428571428571428,21.497021836022054,0.0016638301493752347,10.0,19.72756035384049,89.84410450712494,9.717963616427976,19.523455640728315
21.57142857142857,1.1428571428571428,21.497021836022054,0.0016638301493752347,10.0,19.72756035384049,1278.418651556929,8.562150515188307,15.008813147482334
23.285714285714285,1.1428571428571428,21.497021836022054,0.0016638301493752347,10.0,19.72756035384049,2466.9931986067368,7.652048533402964,12.30716727092427
25.0,1.1428571428571428,21.497021836022054,0.0016638301493752347,10.0,19.72756035384049,3655.5677456565427,6.916833278404992,10.472474178634021
1.0,1.25,21.497021836022054,0.0016638301493752347,10.0,19.71573132252169,-12976.274429807932,inf,inf
2.7142857142857144,1.25,21.497021836022054,0.0016638301493752347,10.0,19.71573132252169,-11787.699882758126,inf,inf
4.428571428571429,1.25,21.497021836022054,0.0016638301493752347,10.0,19.71573132252169,-10599.125335708319,inf,inf
6.142857142857142,1.25,21.497021836022054,0.0016638301493752347,10.0,19.71573132252169,-9410.550788658513,inf,inf
7.857142857142857,1.25,21.497021836022054,0.0016638301493752347,10.0,19.71573132252169,-8221.976241608707,173.55178771731946,inf
9.571428571428571,1.25,21.497021836022054,0.0016638301493752347,10.0,19.71573132252169,-7033.401694558901,50.883230780537716,inf
11.285714285714285,1.25,21.497021836022054,0.0016638301493752347,10.0,19.71573132252169,-5844.827147509095,29.811847248733514,inf
13.0,1.25,21.497021836022054,0.0016638301493752347,10.0,19.71573132252169,-4656.252600459289,21.08166540879168,inf
14.714285714285714,1.25,21.497021836022054,0.0016638301493752347,10.0,19.71573132252169,-3467.6780534094823,16.306442701027162,inf
16.428571428571427,1.25,21.497021836022054,0.0016638301493752347,10.0,19.71573132252169,-2279.1035063596773,13.294986136037522,inf
18.142857142857142,1.25,21.497021836022054,0.0016638301493752347,10.0,19.71573132252169,-1090.5289593098687,11.222438146761672,29.63545127907898
19.857142857142858,1.25,21.497021836022054,0.0016638301493752347,10.0,19.71573132252169,98.04558773993813,9.708920010007954,19.481285700607287
21.57142857142857,1.25,21.497021836022054,0.0016638301493752347,10.0,19.71573132252169,1286.6201347897422,8.555129419311761,14.985666506482948
23.285714285714285,1.25,21.497021836022054,0.0016638301493752347,10.0,19.71573132252169,2475.194681839548,7.646440217414931,12.292144425688296
25.0,1.25,21.497021836022054,0.0016638301493752347,10.0,19.71573132252169,3663.769228889356,6.91225056980868,10.461813311369612
1.0,1.3571428571428572,21.497021836022054,0.0016638301493752347,10.0,19.705770032990063,-12969.367917611879,inf,inf
2.7142857142857144,1.3571428571428572,21.497021836022054,0.0016638301493752347,10.0,19.705770032990063,-11780.793370562074,inf,inf
4.428571428571429,1.3571428571428572,21.497021836022054,0.0016638301493752347,10.0,19.705770032990063,-10592.218823512267,inf,inf
6.142857142857142,1.3571428571428572,21.497021836022054,0.0016638301493752347,10.0,19.705770032990063,-9403.64427646246,inf,inf
7.857142857142857,1.3571428571428572,21.497021836022054,0.0016638301493752347,10.0,19.705770032990063,-8215.069729412655,171.1541782724899,inf
9.571428571428571,1.3571428571428572,21.497021836022054,0.0016638301493752347,10.0,19.705770032990063,-7026.495182362848,50.67510247063326,inf
11.285714285714285,1.3571428571428572,21.497021836022054,0.0016638301493752347,10.0,19.705770032990063,-5837.920635313043,29.740283047503134,inf
13.0,1.3571428571428572,21.497021836022054,0.0016638301493752347,10.0,19.705770032990063,-4649.346088263236,21.045853019832897,inf
14.714285714285714,1.3571428571428572,21.497021836022054,0.0016638301493752347,10.0,19.705770032990063,-3460.7715412134294,16.285008413144126,inf
16.428571428571427,1.3571428571428572,21.497021836022054,0.0016638301493752347,10.0,19.705770032990063,-2272.1969941636253,13.280734267120888,inf
18.142857142857142,1.3571428571428572,21.497021836022054,0.0016638301493752347,10.0,19.705770032990063,-1083.6224471138166,11.212281670372853,29.532562127106633
19.857142857142858,1.3571428571428572,21.497021836022054,0.0016638301493752347,10.0,19.705770032990063,104.95209993599019,9.701317386580998,19.44594058187247
21.57142857142857,1.3571428571428572,21.497021836022054,0.0016638301493752347,10.0,19.705770032990063,1293.5266469857943,8.549225842515963,14.966235881929034
23.285714285714285,1.3571428571428572,21.497021836022054,0.0016638301493752347,10.0,19.705770032990063,2482.101194035602,7.641723797360952,12.279524109567815
25.0,1.3571428571428572,21.497021836022054,0.0016638301493752347,10.0,19.705770032990063,3670.675741085408,6.9083961541223236,10.452853457051877
1.0,1.4642857142857142,21.497021836022054,0.0016638301493752347,10.0,19.697266493145996,-12963.472114517688,inf,inf
2.7142857142857144,1.4642857142857142,21.497021836022054,0.0016638301493752347,10.0,19.697266493145996,-11774.897567467882,inf,inf
4.428571428571429,1.4642857142857142,21.497021836022054,0.0016638301493752347,10.0,19.697266493145996,-10586.323020418076,inf,inf
6.142857142857142,1.4642857142857142,21.497021836022054,0.0016638301493752347,10.0,19.697266493145996,-9397.74847336827,inf,inf
7.857142857142857,1.4642857142857142,21.497021836022054,0.0016638301493752347,10.0,19.697266493145996,-8209.173926318465,169.15924090894472,inf
9.571428571428571,1.4642857142857142,21.497021836022054,0.0016638301493752347,10.0,19.697266493145996,-7020.599379268657,50.498774380163226,inf
11.285714285714285,1.4642857142857142,21.497021836022054,0.0016638301493752347,10.0,19.697266493145996,-5832.024832218852,29.679462942365518,inf
13.0,1.4642857142857142,21.497021836022054,0.0016638301493752347,10.0,19.697266493145996,-4643.450285169045,21.015377595474884,inf
14.714285714285714,1.4642857142857142,21.497021836022054,0.0016638301493752347,10.0,19.697266493145996,-3454.875738119238,16.266755383707743,inf
16.428571428571427,1.4642857142857142,21.497021836022054,0.0016638301493752347,10.0,19.697266493145996,-2266.301191069434,13.268592190633024,inf
18.142857142857142,1.4642857142857142,21.497021836022054,0.0016638301493752347,10.0,19.697266493145996,-1077.7266440196254,11.2036260413435,29.445515629730178
19.857142857142858,1.4642857142857142,21.497021836022054,0.0016638301493752347,10.0,19.697266493145996,110.84790303018053,9.6948367563125,19.415887409720675
21.57142857142857,1.4642857142857142,21.497021836022054,0.0016638301493752347,10.0,19.697266493145996,1299.4224500799864,8.54419264640041,14.949692883812943
23.285714285714285,1.4642857142857142,21.497021836022054,0.0016638301493752347,10.0,19.697266493145996,2487.9969971297924,7.6377021861063055,12.268772654053707
25.0,1.4642857142857142,21.497021836022054,0.0016638301493752347,10.0,19.697266493145996,3676.5715441795983,6.90510919868845,10.445217580993974
1.0,1.5714285714285714,21.497021836022054,0.0016638301493752347,10.0,19.689922526917027,-12958.380284572704,inf,inf
2.7142857142857144,1.5714285714285714,21.497021836022054,0.0016638301493752347,10.0,19.689922526917027,-11769.805737522898,inf,inf
4.428571428571429,1.5714285714285714,21.497021836022054,0.0016638301493752347,10.0,19.689922526917027,-10581.231190473092,inf,inf
6.142857142857142,1.5714285714285714,21.497021836022054,0.0016638301493752347,10.0,19.689922526917027,-9392.656643423286,inf,inf
7.857142857142857,1.5714285714285714,21.497021836022054,0.0016638301493752347,10.0,19.689922526917027,-8204.08209637348,167.47339259120702,inf
9.571428571428571,1.5714285714285714,21.497021836022054,0.0016638301493752347,10.0,19.689922526917027,-7015.507549323674,50.347475578293555,inf
11.285714285714285,1.5714285714285714,21.497021836022054,0.0016638301493752347,10.0,19.689922526917027,-5826.933002273869,29.627136324499673,inf
13.0,1.5714285714285714,21.497021836022054,0.0016638301493752347,10.0,19.689922526917027,-4638.358455224062,20.989128849351275,inf
14.714285714285714,1.5714285714285714,21.497021836022054,0.0016638301493752347,10.0,19.689922526917027,-3449.783908174255,16.251024300552565,inf
16.428571428571427,1.5714285714285714,21.497021836022054,0.0016638301493752347,10.0,19.689922526917027,-2261.20936112445,13.258123704928348,inf
18.142857142857142,1.5714285714285714,21.497021836022054,0.0016638301493752347,10.0,19.689922526917027,-1072.6348140746413,11.196161472825526,29.370912658613037
19.857142857142858,1.5714285714285714,21.497021836022054,0.0016638301493752347,10.0,19.689922526917027,115.93973297516459,9.689246812138926,19.390020411161217
21.57142857142857,1.5714285714285714,21.497021836022054,0.0016638301493752347,10.0,19.689922526917027,1304.5142800249687,8.5398505620681,14.935438319620136
23.285714285714285,1.5714285714285714,21.497021836022054,0.0016638301493752347,10.0,19.689922526917027,2493.0888270747764,7.634232381280336,12.259503552433802
25.0,1.5714285714285714,21.497021836022054,0.0016638301493752347,10.0,19.689922526917027,3681.6633741245823,6.902272980527953,10.438632410410616
1.0,1.6785714285714286,21.497021836022054,0.0016638301493752347,10.0,19.683516088291757,-12953.938475471761,inf,inf
2.7142857142857144,1.6785714285714286,21.497021836022054,0.0016638301493752347,10.0,19.683516088291757,-11765.363928421955,inf,inf
4.428571428571429,1.6785714285714286,21.497021836022054,0.0016638301493752347,10.0,19.683516088291757,-10576.78938137215,inf,inf
6.142857142857142,1.6785714285714286,21.497021836022054,0.0016638301493752347,10.0,19.683516088291757,-9388.214834322343,inf,inf
7.857142857142857,1.6785714285714286,21.497021836022054,0.0016638301493752347,10.0,19.683516088291757,-8199.640287272538,166.02996420321657,inf
9.571428571428571,1.6785714285714286,21.497021836022054,0.0016638301493752347,10.0,19.683516088291757,-7011.065740222731,50.21622997773711,inf
11.285714285714285,1.6785714285714286,21.497021836022054,0.0016638301493752347,10.0,19.683516088291757,-5822.491193172926,29.581640150572586,inf
13.0,1.6785714285714286,21.497021836022054,0.0016638301493752347,10.0,19.683516088291757,-4633.916646123119,20.966284497628994,inf
14.714285714285714,1.6785714285714286,21.497021836022054,0.0016638301493752347,10.0,19.683516088291757,-3445.342099073313,16.237326267588198,inf
16.428571428571427,1.6785714285714286,21.497021836022054,0.0016638301493752347,10.0,19.683516088291757,-2256.767552023509,13.249005102430166,inf
18.142857142857142,1.6785714285714286,21.497021836022054,0.0016638301493752347,10.0,19.683516088291757,-1068.1930049736993,11.189657946326433,29.30626195030939
19.857142857142858,1.6785714285714286,21.497021836022054,0.0016638301493752347,10.0,19.683516088291757,120.38154207610751,9.68437573956934,19.367521841647015
21.57142857142857,1.6785714285714286,21.497021836022054,0.0016638301493752347,10.0,19.683516088291757,1308.9560891259116,8.536066388872408,14.923028053882007
23.285714285714285,1.6785714285714286,21.497021836022054,0.0016638301493752347,10.0,19.683516088291757,2497.5306361757175,7.631208103891923,12.251430005149643
25.0,1.6785714285714286,21.497021836022054,0.0016638301493752347,10.0,19.683516088291757,3686.1051832255234,6.899800734829758,10.432895037294083
1.0,1.7857142857142856,21.497021836022054,0.0016638301493752347,10.0,19.677878422301514,-12950.029683462932,inf,inf
2.7142857142857144,1.7857142857142856,21.497021836022054,0.0016638301493752347,10.0,19.677878422301514,-11761.455136413126,inf,inf
4.428571428571429,1.7857142857142856,21.497021836022054,0.0016638301493752347,10.0,19.677878422301514,-10572.88058936332,inf,inf
6.142857142857142,1.7857142857142856,21.497021836022054,0.0016638301493752347,10.0,19.677878422301514,-9384.306042313514,inf,inf
7.857142857142857,1.7857142857142856,21.497021836022054,0.0016638301493752347,10.0,19.677878422301514,-8195.731495263708,164.7801741786253,inf
9.571428571428571,1.7857142857142856,21.497021836022054,0.0016638301493752347,10.0,19.677878422301514,-7007.156948213901,50.101298574499985,inf
11.285714285714285,1.7857142857142856,21.497021836022054,0.0016638301493752347,10.0,19.677878422301514,-5818.582401164096,29.541718946297653,inf
13.0,1.7857142857142856,21.497021836022054,0.0016638301493752347,10.0,19.677878422301514,-4630.007854114288,20.946222563022406,inf
14.714285714285714,1.7857142857142856,21.497021836022054,0.0016638301493752347,10.0,19.677878422301514,-3441.4333070644825,16.22529108630481,inf
16.428571428571427,1.7857142857142856,21.497021836022054,0.0016638301493752347,10.0,19.677878422301514,-2252.8587600146784,13.240991101598848,inf
18.142857142857142,1.7857142857142856,21.497021836022054,0.0016638301493752347,10.0,19.677878422301514,-1064.2842129648689,11.183941089658425,29.24969587830913
19.857142857142858,1.7857142857142856,21.497021836022054,0.0016638301493752347,10.0,19.677878422301514,124.29033408493706,9.680093245265994,19.34777393367503
21.57142857142857,1.7857142857142856,21.497021836022054,0.0016638301493752347,10.0,19.677878422301514,1312.8648811347412,8.53273908954367,14.91212589874506
23.285714285714285,1.7857142857142856,21.497021836022054,0.0016638301493752347,10.0,19.677878422301514,2501.439428184549,7.6285487211666645,12.244334715717704
25.0,1.7857142857142856,21.497021836022054,0.0016638301493752347,10.0,19.677878422301514,3690.0139752343566,6.897626623133578,10.427851640354415
1.0,1.8928571428571428,21.497021836022054,0.0016638301493752347,10.0,19.672878982649795,-12946.563396209818,inf,inf
2.7142857142857144,1.8928571428571428,21.497021836022054,0.0016638301493752347,10.0,19.672878982649795,-11757.988849160012,inf,inf
4.428571428571429,1.8928571428571428,21.497021836022054,0.0016638301493752347,10.0,19.672878982649795,-10569.414302110206,inf,inf
6.142857142857142,1.8928571428571428,21.497021836022054,0.0016638301493752347,10.0,19.672878982649795,-9380.8397550604,inf,inf
7.857142857142857,1.8928571428571428,21.497021836022054,0.0016638301493752347,10.0,19.672878982649795,-8192.265208010595,163.68750648924603,inf
9.571428571428571,1.8928571428571428,21.497021836022054,0.0016638301493752347,10.0,19.672878982649795,-7003.690660960787,49.999817510468205,inf
11.285714285714285,1.8928571428571428,21.497021836022054,0.0016638301493752347,10.0,19.672878982649795,-5815.116113910982,29.50640715870856,inf
13.0,1.8928571428571428,21.497021836022054,0.0016638301493752347,10.0,19.672878982649795,-4626.541566861175,20.928463883202504,inf
14.714285714285714,1.8928571428571428,21.497021836022054,0.0016638301493752347,10.0,19.672878982649795,-3437.967019811369,16.21463329434451,inf
16.428571428571427,1.8928571428571428,21.497021836022054,0.0016638301493752347,10.0,19.672878982649795,-2249.392472761565,13.23389245255764,inf
18.142857142857142,1.8928571428571428,21.497021836022054,0.0016638301493752347,10.0,19.672878982649795,-1060.8179257117563,11.17887630911592,29.199786745301584
19.857142857142858,1.8928571428571428,21.497021836022054,0.0016638301493752347,10.0,19.672878982649795,127.75662133805054,9.67629872900123,19.330301286665588
21.57142857142857,1.8928571428571428,21.497021836022054,0.0016638301493752347,10.0,19.672878982649795,1316.3311683878546,8.529790634922469,14.902472696226846
23.285714285714285,1.8928571428571428,21.497021836022054,0.0016638301493752347,10.0,19.672878982649795,2504.9057154376605,7.626191950810249,12.238050039090194
25.0,1.8928571428571428,21.497021836022054,0.0016638301493752347,10.0,19.672878982649795,3693.4802624874683,6.895699783203569,10.423383487924815
1.0,2.0,21.497021836022054,0.0016638301493752347,10.0,19.668415197246475,-12943.468496876681,inf,inf
2.7142857142857144,2.0,21.497021836022054,0.0016638301493752347,10.0,19.668415197246475,-11754.893949826876,inf,inf
4.428571428571429,2.0,21.497021836022054,0.0016638301493752347,10.0,19.668415197246475,-10566.31940277707,inf,inf
6.142857142857142,2.0,21.497021836022054,0.0016638301493752347,10.0,19.668415197246475,-9377.744855727264,inf,inf
7.857142857142857,2.0,21.497021836022054,0.0016638301493752347,10.0,19.668415197246475,-8189.170308677458,162.7240836110092,inf
9.571428571428571,2.0,21.497021836022054,0.0016638301493752347,10.0,19.668415197246475,-7000.595761627651,49.909556183293105,inf
11.285714285714285,2.0,21.497021836022054,0.0016638301493752347,10.0,19.668415197246475,-5812.021214577846,29.474950036011926,inf
13.0,2.0,21.497021836022054,0.0016638301493752347,10.0,19.668415197246475,-4623.446667528038,20.91263334559185,inf
14.714285714285714,2.0,21.497021836022054,0.0016638301493752347,10.0,19.668415197246475,-3434.8721204782314,16.205129233284858,inf
16.428571428571427,2.0,21.497021836022054,0.0016638301493752347,10.0,19.668415197246475,-2246.2975734284273,13.227560801752682,inf
18.142857142857142,2.0,21.497021836022054,0.0016638301493752347,10.0,19.668415197246475,-1057.7230263786187,11.174358058443586,29.155424418339692
19.857142857142858,2.0,21.497021836022054,0.0016638301493752347,10.0,19.668415197246475,130.85152067118725,9.672913280984876,19.314732088388766
21.57142857142857,2.0,21.497021836022054,0.0016638301493752347,10.0,19.668415197246475,1319.4260677209932,8.527159807492016,14.89386545119786
23.285714285714285,2.0,21.497021836022054,0.0016638301493752347,10.0,19.668415197246475,2508.000614770799,7.624088921754732,12.232444566458458
25.0,2.0,21.497021836022054,0.0016638301493752347,10.0,19.668415197246475,3696.575161820605,6.893980299867867,10.419397471999417
